{
  "model_info": {
    "file": "c:\\Users\\lenovo\\Desktop\\DASK_NEW\\sap_bracing\\sap_gürsoy.sdb",
    "n_joints": 1116,
    "max_z_cm": 153.0,
    "z_levels": [
      0.0,
      9.0,
      15.0,
      21.0,
      27.0,
      33.0,
      39.0,
      45.0,
      51.0,
      57.0,
      63.0,
      69.0,
      75.0,
      81.0,
      87.0,
      93.0,
      99.0,
      105.0,
      111.0,
      117.0,
      123.0,
      129.0,
      135.0,
      141.0,
      147.0,
      153.0
    ]
  },
  "modal": [],
  "th_summary": [],
  "pushover_X": {
    "n_steps": 2,
    "max_displ_cm": 0.0,
    "max_base_shear_kN": 2.407348446507721e-33
  },
  "pushover_Y": {
    "n_steps": 2,
    "max_displ_cm": 0.0,
    "max_base_shear_kN": 2.6674956248295885e-16
  }
}