step,displacement_cm,base_shear_kN
5.06507392025799e-17,0.0,-2.407348446507721e-33
5.06507392025799e-17,0.0,-2.407348446507721e-33
