step,displacement_cm,base_shear_kN
5.065073920257801e-17,0.0,-2.6674956248295885e-16
5.065073920257801e-17,0.0,-2.6674956248295885e-16
