{
  "modal": {
    "T1": 0.1709,
    "T2": 0.1282,
    "T3": 0.085,
    "T4": 0.0511
  },
  "spectral": {
    "T1": {
      "T": 0.1709,
      "Sae": 1.008
    },
    "T2": {
      "T": 0.1282,
      "Sae": 1.008
    },
    "T3": {
      "T": 0.085,
      "Sae": 0.907
    },
    "T4": {
      "T": 0.0511,
      "Sae": 0.7062
    }
  },
  "model": {
    "n_joints": 1116,
    "n_frames": 3250,
    "H": 153.0,
    "E_model": 200000,
    "E_real": 350000,
    "scale": 0.5714
  },
  "capacity": {
    "f_b_real_Ncm2": 3500,
    "f_b_model_Ncm2": 2000.0,
    "eta_j": 0.35,
    "sigma_cap_Ncm2": 700.0,
    "sigma_cap_MPa": 7.0,
    "M_j_Ncm": 25.200000000000003
  },
  "rayleigh": {
    "omega1": 36.77,
    "omega2": 128.68,
    "a0": 2.8595,
    "a1": 0.0006044,
    "xi_min": 0.0416,
    "T_min": 0.0914
  },
  "parametric_damping": [
    [
      0.005,
      1.133
    ],
    [
      0.01,
      0.817
    ],
    [
      0.02,
      0.619
    ],
    [
      0.03,
      0.52
    ],
    [
      0.05,
      0.451
    ],
    [
      0.07,
      0.426
    ],
    [
      0.1,
      0.395
    ],
    [
      0.15,
      0.354
    ],
    [
      0.2,
      0.321
    ]
  ],
  "floor_drift": {
    "KYH1_X": [
      [
        1,
        0.076
      ],
      [
        2,
        0.092
      ],
      [
        3,
        0.134
      ],
      [
        4,
        0.171
      ],
      [
        5,
        0.205
      ],
      [
        6,
        0.238
      ],
      [
        7,
        0.261
      ],
      [
        8,
        0.259
      ],
      [
        9,
        0.294
      ],
      [
        10,
        0.294
      ],
      [
        11,
        0.312
      ],
      [
        12,
        0.335
      ],
      [
        13,
        0.329
      ],
      [
        14,
        0.38
      ],
      [
        15,
        0.398
      ],
      [
        16,
        0.347
      ],
      [
        17,
        0.378
      ],
      [
        18,
        0.389
      ],
      [
        19,
        0.33
      ],
      [
        20,
        0.395
      ],
      [
        21,
        0.42
      ],
      [
        22,
        0.341
      ],
      [
        23,
        0.435
      ],
      [
        24,
        0.365
      ],
      [
        25,
        0.307
      ]
    ],
    "KYH2_X": [
      [
        1,
        0.238
      ],
      [
        2,
        0.289
      ],
      [
        3,
        0.421
      ],
      [
        4,
        0.532
      ],
      [
        5,
        0.64
      ],
      [
        6,
        0.746
      ],
      [
        7,
        0.808
      ],
      [
        8,
        0.811
      ],
      [
        9,
        0.918
      ],
      [
        10,
        0.907
      ],
      [
        11,
        0.968
      ],
      [
        12,
        1.041
      ],
      [
        13,
        1.014
      ],
      [
        14,
        1.175
      ],
      [
        15,
        1.238
      ],
      [
        16,
        1.059
      ],
      [
        17,
        1.162
      ],
      [
        18,
        1.2
      ],
      [
        19,
        1.006
      ],
      [
        20,
        1.206
      ],
      [
        21,
        1.284
      ],
      [
        22,
        1.038
      ],
      [
        23,
        1.32
      ],
      [
        24,
        1.115
      ],
      [
        25,
        0.943
      ]
    ],
    "KYH3_X": [
      [
        1,
        0.423
      ],
      [
        2,
        0.513
      ],
      [
        3,
        0.745
      ],
      [
        4,
        0.929
      ],
      [
        5,
        1.124
      ],
      [
        6,
        1.315
      ],
      [
        7,
        1.388
      ],
      [
        8,
        1.425
      ],
      [
        9,
        1.608
      ],
      [
        10,
        1.552
      ],
      [
        11,
        1.67
      ],
      [
        12,
        1.809
      ],
      [
        13,
        1.729
      ],
      [
        14,
        2.028
      ],
      [
        15,
        2.14
      ],
      [
        16,
        1.764
      ],
      [
        17,
        1.97
      ],
      [
        18,
        2.044
      ],
      [
        19,
        1.668
      ],
      [
        20,
        2.016
      ],
      [
        21,
        2.15
      ],
      [
        22,
        1.722
      ],
      [
        23,
        2.175
      ],
      [
        24,
        1.86
      ],
      [
        25,
        1.596
      ]
    ]
  },
  "floor_disp": {
    "KYH1_X": [
      [
        0.0,
        0.0
      ],
      [
        9.0,
        0.0068
      ],
      [
        15.0,
        0.0123
      ],
      [
        21.0,
        0.0204
      ],
      [
        27.0,
        0.0306
      ],
      [
        33.0,
        0.0429
      ],
      [
        39.0,
        0.0572
      ],
      [
        45.0,
        0.0729
      ],
      [
        51.0,
        0.0884
      ],
      [
        57.0,
        0.106
      ],
      [
        63.0,
        0.1237
      ],
      [
        69.0,
        0.1424
      ],
      [
        75.0,
        0.1625
      ],
      [
        81.0,
        0.1822
      ],
      [
        87.0,
        0.205
      ],
      [
        93.0,
        0.2289
      ],
      [
        99.0,
        0.2497
      ],
      [
        105.0,
        0.2724
      ],
      [
        111.0,
        0.2958
      ],
      [
        117.0,
        0.3156
      ],
      [
        123.0,
        0.3393
      ],
      [
        129.0,
        0.3645
      ],
      [
        135.0,
        0.3849
      ],
      [
        141.0,
        0.411
      ],
      [
        147.0,
        0.4329
      ],
      [
        153.0,
        0.4513
      ]
    ],
    "KYH2_X": [
      [
        0.0,
        0.0
      ],
      [
        9.0,
        0.0214
      ],
      [
        15.0,
        0.0388
      ],
      [
        21.0,
        0.064
      ],
      [
        27.0,
        0.096
      ],
      [
        33.0,
        0.1344
      ],
      [
        39.0,
        0.1792
      ],
      [
        45.0,
        0.2277
      ],
      [
        51.0,
        0.2763
      ],
      [
        57.0,
        0.3314
      ],
      [
        63.0,
        0.3858
      ],
      [
        69.0,
        0.4439
      ],
      [
        75.0,
        0.5063
      ],
      [
        81.0,
        0.5672
      ],
      [
        87.0,
        0.6377
      ],
      [
        93.0,
        0.712
      ],
      [
        99.0,
        0.7755
      ],
      [
        105.0,
        0.8452
      ],
      [
        111.0,
        0.9173
      ],
      [
        117.0,
        0.9776
      ],
      [
        123.0,
        1.05
      ],
      [
        129.0,
        1.127
      ],
      [
        135.0,
        1.1893
      ],
      [
        141.0,
        1.2685
      ],
      [
        147.0,
        1.3354
      ],
      [
        153.0,
        1.392
      ]
    ],