{
  "T1_s": 0.14581668224104893,
  "T1_ms": 145.81668224104894,
  "region": "PLATEAU",
  "Sae_g": 2.046,
  "TA_s": 0.061,
  "TB_s": 0.303,
  "SDS_g": 2.046,
  "SD1_g": 0.619,
  "total_mass_kg": 15.020000000000001,
  "base_shear_kN": 0.3014703252,
  "n_elements": 4362,
  "n_nodes": 1680,
  "maket_height_m": 1.53
}