Mode,Eigenvalue,Omega (rad/s),Period (s),Frequency (Hz),Sae (g),Region
1,0.00012011397098887049,0.010959651955644873,573.3015366371532,0.0017442827833076392,0.0010797110428674287,Descending
2,0.0004691634257244961,0.021660180648473273,290.0800048323909,0.003447324818467936,0.0021338940626316524,Descending
3,0.000527558401253113,0.022968639516808848,273.55496186796097,0.003655572515195971,0.002262799386906306,Descending
4,0.0010701667517491382,0.032713403243153076,192.0676140136737,0.005206499831506252,0.00322282339570237,Descending
5,0.002071629636035237,0.04551515831055888,138.0459947938262,0.007243962430735606,0.00448401274462534,Descending
6,0.0029598452168408135,0.054404459530821674,115.49026240431601,0.008658738660573246,0.005359759230894839,Descending
7,0.003707795256389063,0.060891668201725785,103.18628956533513,0.00969120998741624,0.005998858982210652,Descending
8,0.004520415747963332,0.06723403712379118,93.45244724202709,0.010700629352275365,0.00662368956905845,Descending
