floor	drift_ratio
5	0.000318
10	0.000589
15	0.000591
20	0.000596
25	0.001168
