Mode	Period
1	0.333029
2	0.294282
3	0.289286
4	0.100032
5	0.089191
6	0.088471
7	0.062672
8	0.061053
